address,name,salesman,City,State,Postal Code
"101 Rocket Avenue, Echo, MN 56237",ECHO SCHOOLS,Bryan Techel,ECHO,MN,56237
"11416 ECKLES ROAD NW, Bemidji, MN 56601",BLOM BUS SERVICE,Bryan Techel,BEMIDJI,MN,56601
"302 Main Avenue, Murdock, MN 56271",Riley Bus Service,Bryan Techel,MURDOCK,MN,56271
"123 2nd avenue West, Evansville, MN 56236",EVANSVILLE SCHOOL DISTRICT #208,Bryan Techel,EVANSVILLE,MN,56326
"PO BOX 288, Herman, MN 56248",HERMAN-NORCROSS SCHOOL DIST #264,Bryan Techel,HERMAN,MN,56248
,BRUCE NELSON BUS SERVICE,Bryan Techel,,,
"PO BOX 30, Ashby, MN 56309",ASHBY PUBLIC SCHOOL #261,Bryan Techel,ASHBY,MN,56309
430 CONNECTICUT AVE,CAMPBELL TINTAH SCHOOL DIST #852,Bryan Techel,CAMPBELL,MN,56522
317 HANCOCK AVE,HANCOCK SCHOOLS # 768,Bryan Techel,HANCOCK,MN,56244
311 WEST 1ST ST,CHOKIO/ALBERTA SCHOOL DISTRICT # 711,Bryan Techel,CHOKIO,MN,56221
208 N 12TH ST,"RUSTAD SCHOOL BUS, INC",Bryan Techel,KERKHOVEN,MN,56252
411 SW BROWN ST,VERNDALE PUBLIC SCHOOLS DIST#818,Bryan Techel,VERNDALE,MN,56481
601 FRONT ST,RAGUSE BUS LINES,Bryan Techel,WHEATON,MN,56296
200 Trojan dr,ORTONVILLE SCHOOL DISTRICT #62,Bryan Techel,ORTONVILLE,MN,56278
307 FIRST STREET WEST,CANBY SCHOOL DIST #891,Bryan Techel,CANBY,MN,56220
PO BOX 39,BBE PUBLIC SCHOOLS #2364,Bryan Techel,BROOTEN,MN,56316
,OSAKIS SCHOOLS,Bryan Techel,,,
708  S ST 17th,Clark Trans Company Inc,Bryan Techel,MONTEVIDEO,MN,56265
1400 MONTANA AVE,BENSON SCHOOL DIST #777,Bryan Techel,BENSON,MN,56215
PO Box 192,Fornshell Bus Service,Bryan Techel,PILLAGER,MN,56473
848 CHESTNUT ST,DAWSON-BOYD IDS 378,Bryan Techel,DAWSON,MN,56232
201 S COLOMBIA AVE,MORRIS SCHOOL DIST #2769,Bryan Techel,MORRIS,MN,56267
314 Minnie St,Paynesville Motor Transfer,Bryan Techel,PAYNESVILLE,MN,56362
30805 OLSON STREET,PEQUOT LAKES DIST #186,Bryan Techel,PEQUOT LAKES,MN,56472
,LAC QUI PARLE VALLEY SCHOOL DISTRICT,Bryan Techel,,,
10606 Hemlock St,M & M Bus Service,Bryan Techel,ANNANDALE,MN,55302
849 8TH STREET NE,CROSBY IRONTON TRANSPORTATION INC,Bryan Techel,CROSBY,MN,56441
1308 SE 7th St,Willmar Bus Service,Bryan Techel,WILLMAR,MN,56201
202 PLEASANT AVE NE,STAPLES MOTLEY ISD #2170,Bryan Techel,STAPLES,MN,56479
401 Murray Ave,PINE RIVER BACKUS SCHOOL DISTRICT #2174,Bryan Techel,PINE RIVER,MN,56474
1410 SOUTH MCKAY AVE SUITE 201,ALEXANDRIA PUBLIC SCHOOLS-ISD #206,Bryan Techel,ALEXANDRIA,MN,56308
516 Somerville Ave,Cedar Mountain Bus Service,Bryan Techel,MORGAN,MN,56266
"503 Hayes St, Box 82",Nelson Bus Company,Bryan Techel,BRANDON,MN,56315
204 SCHOOL ST PO BOX 98,CENTRAL MINNESOTA CHRISTIAN SCHOOL,Bryan Techel,PRINSBURG,MN,56281
204 School St,PRINSBURG SCHOOL DISTRICT #815,Bryan Techel,PRINSBURG,MN,56281
PO BOX 338 301 NE 3RD ST,RCW PUBLIC SCHOOL #2890,Bryan Techel,RENVILLE,MN,56284
5744 HIWAY 67,UPPER SIOUX COMMUNITY HEAD START,Bryan Techel,GRANITE FALLS,MN,56241
,LAKEVIEW ISD 2167,Bryan Techel,,,
1320 ROSSMAN AVENUE,BECKER COUNTY TRANSIT,Bryan Techel,DETROIT LAKES,MN,56501
650 NORTH 23RD AVENUE,CITY OF MOORHEAD,Bryan Techel,FARGO,ND,58102
3750 EAST ROSSER AVENUE,BISMAN TRANSIT,Bryan Techel,BISMARCK,ND,58501
146 MISSILE AVENUE,MINOT AIR FORCE BASE,Bryan Techel,MINOT AFB,ND,58705
PO BOX 298,SOUTH CENTRAL ADULT SERVICES,Bryan Techel,VALLEY CITY,ND,58072
229 HARRY RICH DRIVE,FRIENDLY RIDER WADENA COUNTY,Bryan Techel,WADENA,MN,56483
867 SOUTH 48TH STREET,CITIES AREA TRANSIT,Bryan Techel,GRAND FORKS,ND,58201
4300 WEST RIVER PARKWAY SOUTH,BECKETWOOD COOPERATIVE,Bryan Techel,MINNEAPOLIS,MN,55406
608 EAST BOULEVARD AVENUE,ND DOT STATE FLEET,Bryan Techel,BISMARCK,ND,58505
907 EAST PARK STREET,WALSH COUNTY TRANSPORTATION,Bryan Techel,PARK RIVER,ND,58270
2903 SOUTH 15TH STREET,"CCRI, INC.",Bryan Techel,MOORHEAD,MN,56560
207 WEST 11TH STREET,TRAILBLAZER TRANSIT JOINT POWERS BOARD,Bryan Techel,GLENCOE,MN,55336
706 SOUTH RAILROAD STREET,PAUL BUNYAN TRANSIT,Bryan Techel,BEMIDJI,MN,56601
501 LAUREL STREET,CITY OF BRAINERD,Bryan Techel,BRAINERD,MN,56401
1205 NORTH TOWER ROAD,PRODUCTIVE ALTERNATIVES,Bryan Techel,FERGUS FALLS,MN,56337
1131 SOUTH MABELLE AVENUE,PIONEER CARE,Bryan Techel,FERGUS FALLS,MN,56537
483 SW 4TH STREET,FOUR SEASONS HEALTHCARE,Bryan Techel,FORMAN,ND,58032
525 WEST MAIN STREET,CENTRACARE HEALTH-MELROSE,Bryan Techel,MELROSE,MN,56352
3534 SOUTH UNIVERSITY DRIVE,ELIM CARE AND REHAB CENTER,Bryan Techel,FARGO,ND,58104
2122 RIVER ROAD NW,GOOD SAMARITAN HERITAGE GROVE,Bryan Techel,EAST GRAND FORKS,MN,56721
PO BOX 418,WHITE EARTH PUBLIC TRANSIT,Bryan Techel,WHITE EARTH,MN,56591
409 SOUTH 3RD STREET,STRASBURG CARE CENTER,Bryan Techel,STRASBURG,ND,58573
4255 SOTH 30TH AVENUE,BETHANY ON 42ND,Bryan Techel,FARGO,ND,58104
5300 SOUTH 12TH STREET,CHI RIVERVIEW,Bryan Techel,FARGO,ND,58104
702 SOUTH 3RD AVENUE,ARROWHEAD ECONOMIC OPPPORTUNITY AGENCY,Bryan Techel,VIRGINIA,MN,55792
PO BOX 428,GRAND PORTAGE BAND OF CHIPPEWA,Bryan Techel,GRAND PORTAGE,MN,55605
23 COMMERCE ROAD,RURAL LIVING ENVIRONMENTS,Bryan Techel,BABBITT,MN,55706
516 NORTH MAIN STREET,MCKENZIE COUNTY HEALTHCARE SYSTEMS INC.,Bryan Techel,WATFORD CITY,ND,58854
450 EASTVOLD AVENUE,ORTONVILLE AREA HEALTH SYSTEM,Bryan Techel,ORTONVILLE,MN,56278
325 EAST BREWSTER STREET,SAINT ALOISIUS MEDICAL CENTER,Bryan Techel,HARVEY,ND,58341
"102 HILL STREET, PO BOX 54",KITTSON COUNTY DAC,Bryan Techel,LAKE BRONSON,MN,56734
PO BOX 2211,SOURIS BASIN TRANSPORTATION,Bryan Techel,MINOT,ND,58702
"105 CENTRAL AVENUE, SUITE #201",BENSON COUNTY TRANSPORTATION,Bryan Techel,MADDOCK,ND,58348
"8059 COUNTY ROAD 12NW, PO BOX 1329",NORTHERN CASS DAC,Bryan Techel,WALKER,MN,56484
605 NORTH 23RD AVENUE,CITY OF FARGO (Commercial Bus),Bryan Techel,FARGO,ND,58102
605 Main Street,Minnewaska Community Health Services,Bryan Techel,Starbuck,MN,56381
P.O. Box 220,"Horizon Health, Inc.",Bryan Techel,Pierz,MN,56364
915 18th Street,"Pinewood, Inc.",Bryan Techel,Cloquet,MN,
8342 industrial park rd.,Reichert bus serice,Bryan Techel,Baxter,Mn,56425
5288 Stagecoach Trail North,Minnesota Central Transportation,Bryan Techel,Stillwater,MN,55082
211 8th Ave,Cavalier County Transportation,Bryan Techel,Langdon,ND,58249
1315 University Drive South,The Meadows on University,Bryan Techel,Fargo,ND,58103
19 S. Main Street,City of Hillsboro,Bryan Techel,Hillsboro,ND,58045
9252 Breezy Point Rd,Breezy Point Resort,Bryan Techel,Breezy Point,MN,56472
65 4th Ave N,Northwestern Transit,Bryan Techel,Motley,MN,56466
3540 University Drive S,Pioneer House,Bryan Techel,Fargo,ND,58104
1614 Golf Course Rd,Progressive Care,Bryan Techel,Grand Rapids,MN,55744
404 Peters St,Hawley Alliance Church,Bryan Techel,Hawley,MN,56549
205 Court Ave,Hubbard County Heartland Express,Bryan Techel,Park Rapids,MN,56470
715 1st st n,Assumption Community,Bryan Techel,Cold Spring,MN,56320
202 4th ave NE,Devils Lake Transit,Bryan Techel,Devils Lake,ND,58301
714 4th street n,The Leach Home,Bryan Techel,Wahpeton,ND,58075
113 Main Ave S,Hubbard County DAC,Bryan Techel,Park Rapids,MN,56470
200 N Main St,Pembina County Transportation,Bryan Techel,Drayton,ND,58225
18 Main ST,Northwest Dakota Public Transit,Bryan Techel,Willistion,ND,58801
118 22nd street NE,Knife River Care Center,Bryan Techel,Beulah,ND,58523
242 10th street west,St. Luke's Home,Bryan Techel,Dickinson,ND,58601
2801 32nd Ave S,Valley Seniors,Bryan Techel,Fargo,ND,58108
5344 Lake Shore Drive,Bois Forte Reservation AKA Big Woods Transit,Bryan Techel,Nett Lake,MN,55772
400 US Hwy 10,Salvation Army of St. Cloud,Bryan Techel,St. Cloud,MN,56304
419 5th st NE,James River Transit,Bryan Techel,Jamestown,ND,58401
2731 12th Ave S,Northland Pace,Bryan Techel,Fargo,ND,58103
3750 East Rosser Ave,West River Transit,Bryan Techel,Bismarck,ND,58501
2401  S. 11th Street,River Pointe of Moorhead,Bryan Techel,Moorhead,MN,56560
515 S. 5th Ave,Polk County DAC,Bryan Techel,Crookston,MN,56716
2525 North Broadway,Handi-Wheels,Bryan Techel,Fargo,ND,58102
4125 Minnesota Street,Douglas County DAC,Bryan Techel,Alexandria,MN,56308
10173 Trout Lake Drive,Trout Lake Camp,Bryan Techel,Pine River,MN,56474
2550 50th st W,4.0 SCHOOL SERVICES-CORPORATE OFFICE,Chris Wirz,Webster,MN,55088
3500 Williston Road,Academy of Whole Learning,Chris Wirz,Minnetonka,MN,55345
100 Vadnais Blvd,AFSA - Academy for Sciences and Agriculture,Chris Wirz,Vadnais Heights,MN,55127
2304 EMERSON AVENUE NORTH,AGAPE 24 HOUR CHILD DEVELOPMENT CENTERS,Chris Wirz,MINNEAPOLIS,MN,55411
241 WEST FRONT STREET,"AKSAMIT TRANSPORTATION, INC",Chris Wirz,BROWERVILLE,MN,56438
9574 Foley Blvd,ANOKA COUNTY COMMUNITY ACT.,Chris Wirz,COON RAPIDS,MN,55433
12000 hancock st SE,BECKER SCHOOL DISTRICT #726,Chris Wirz,Becker,MN,55308
PO Box 311,Beckly McKinley,Chris Wirz,NICOLLET,MN,56074
2501 HIGHWAY 100 S,"BENILDE ST MARGARETS, MINNEAPOLIS",Chris Wirz,St. Louis Park,mn,55416
109 Winter Dr,Bennett & Bennett Bus Service,Chris Wirz,GRANITE FALLS,MN,56241
110 BLAKE RD S,BLAKE SCHOOL,Chris Wirz,HOPKINS,MN,55343
10600 BLOOMINGTON FERRY RD,BLOOMINGTON LUTHERN SCHOOL,Chris Wirz,BLOOMINGTON,MN,55438
8801 lyndale Ave S,BLOOMINGTON SCHOOLS,Chris Wirz,BLOOMINGTON,MN,55438
315 E 6TH ST,BLUE EARTH AREA SCHOOLS ISD 2860,Chris Wirz,BLUE EARTH,MN,56013
216 S main St,Braham Bus Company,Chris Wirz,BRAHAM,MN,55006
123 OTTAWA AVE,BRECK SCHOOL,Chris Wirz,MINNEAPOLIS,MN,55422
BOX 309,BREWSTER PUBLIC SCHOOL,Chris Wirz,BREWSTER,MN,56119
6500 HUMBOLDT AVE N,BROOKLYN CENTER SCHOOLS #286,Chris Wirz,BROOKLYN CENTER,MN,55430
19711 MCCALL AVE,BUD'S BUS,Chris Wirz,READING,MN,56165
220 3RD STREET WEST,BUFFALO LAKE HECTOR SCHOOLS,Chris Wirz,HECTOR,MN,55342
16355 36TH AVE N SUITE 700,BUILDING BLOCK CHILD CARE,Chris Wirz,PLYMOUTH,MN,55446
PO BOX 189,BUTTERFIELD-ODIN ISD 836,Chris Wirz,BUTTERFIELD,MN,56120-0189
4015 Inglewood Ave S,CALVIN CHRISTIAN SCHOOL,Chris Wirz,Edina,MN,55418
625 A Main St,CAMBRIDGE SCHOOL DIST #911,Chris Wirz,CAMBRIDGE,MN,55008
cedar mountain high school,CEDAR MOUNTAIN SCHOOL DISTRICT #2754,Chris Wirz,MORGAN,MN,56266
1870 Rice St,Centerline Charter Corp,Chris Wirz,MAPLEWOOD,MN,55113
102 E ST N PO BOX 188,CHAMPLIN BUS SERVICE INC,Chris Wirz,VERNON CENTER,MN,56090
20358 331st Ave,Cheryl Lambrecht,Chris Wirz,BURTRUM,MN,56318
9387 WYOMING TRAIL,CHISAGO LAKES BAPTIST,Chris Wirz,CHISAGO CITY,MN,55013
400 6TH ST,CLEVELAND SCHOOL DISTRICT,Chris Wirz,CLEVELAND,MN,56017
2080 WOODLYNN,CLOSE TO MY HEART PRESCHOOL,Chris Wirz,ST PAUL,MN,55109
PO Box 910/ 245 COKATO ST W,Cokato Transportation & Holt Tours,Chris Wirz,COKATO,MN,55321
37 SOUTH COLLEGE,COLLEGE OF ST BENEDICT,Chris Wirz,ST JOSEPH,MN,56374
305 OCHRE ST W,COMFREY SCHOOL DISTRICT,Chris Wirz,COMFREY,MN,56019
44110 MINNESOTA 99,COUNTRY SIDE DIESEL,Chris Wirz,NICOLLETE,MN,56074
4852 REARDON AVE Sw SUITE 1700,DASSEL-COKATO PS DIST #466,Chris Wirz,COKATO,MN,55321
52834 US HWY 12,"DAYTON'S BUS SERVICE, INC",Chris Wirz,GROVE CITY,MN,56243
1 DE LA SALLE DR,DE LA SALLE HIGH SCHOOL,Chris Wirz,MINNEAPOLIS,MN,55401
319 Ceder Ave N,Dockendorf Bus Service,Chris Wirz,WATKINS,MN,55389
PO Box 166,Don's Bus Service,Chris Wirz,ALBETVILLE,MN,55301
44152 State Hwy 99,Duane & Gloria Otto,Chris Wirz,NICOLLET,MN,56074
225 Hutcheson Ave,Eden Valley School Bus Line Inc,Chris Wirz,EDEN VALLEY,MN,55329
12508 ELK LAKE RD,ELK RIVER DISTRICT 728 served by Vision Transportation,Chris Wirz,ELK RIVER,MN,55330
202 N St,ELMORE SCHOOL DISTRICT #219-01 SEE Blue Earth Dist.,Chris Wirz,ELMORE,MN,
725 MAIN ST,FOREST LAKE SCHOOL DISTRICT #831-01,Chris Wirz,LINO LAKES,MN,55014
18434 County Rd 2,Gene Piehl,Chris Wirz,SILVER LAKE,MN,55381
300 REYNOLDS ST,GRANADA-HUNTLE-EAST-CHAIN,Chris Wirz,GRANADA,MN,
2779 HIGHWAY 10 SE,GUARDIAN SCHOOL BUS COMPANY,Chris Wirz,ST CLOUD,MN,56304
3451 121st Ave NW,Halo Transportatoin,Chris Wirz,COON RAPIDS,MN,55433
PO Box 296,Hemmingsen's Transportation - Freight Contractor,Chris Wirz,ALDEN,MN,
140 WEST HAZEL BOX 216,"HENDRICKS BUS SERVICE, INC",Chris Wirz,KIMBALL,MN,55353
124 N MINNESOTA AVE,HERON LAKE OKABENA SCHOOL DISTRICT #330,Chris Wirz,OKABENA,MN,56161
104 N Gorman,Hicks Bus Line,Chris Wirz,LITCHFIELD,MN,
150 sycamore street west,HMONG AMERICAN PARTNERSHIP,Chris Wirz,SAINT PAUL,MN,55106
1515 BREWSTER ST,HMONG COLLEGE PREP ACADEMY,Chris Wirz,ST PAUL,MN,55108
900 5TH STREET,HOLDINGFORD INDEPENDENT SCHOOL DISTRICT 738,Chris Wirz,HOLDINGFORD,MN,56340
6600 Nicollet Ave. S.,HOLY ANGEL ACADEMY,Chris Wirz,Richfield,MN,55423
1001 HIGWAY 7,HOPKINS SCHOOL DISTRICT #270,Chris Wirz,HOPKINS,MN,55305
30 GLEN STREET NW,I.S.D. #423 HUTCHINSON PUBLIC SCHOOLS (Hicks Bus),Chris Wirz,HUTCHINSON,MN,55350
,IND SCHOOL DIST 2134 UNITED SOUTH CENTRAL,Chris Wirz,WELLS,MN,56097
323 E 11TH AVENUE,INDEPENDENT SCHOOL DISTRICT NO. 2365 GFW,Chris Wirz,FAIRFAX,MN,55332
35465 125TH AVE,INDEPENDENT SCHOOL DISTRICT NO.480 ONAMIA,Chris Wirz,ONAMIA,MN,56359
730 5TH AVE S,ISLE INDEPENDENT SCHOOL DISTRICT #473,Chris Wirz,ISLE,MN,56342
1533 Cable Road,"Joann Doroff, Dean",Chris Wirz,SWANVILLE,MN,
43893 520th St,Judd & Julie Hendryks,Chris Wirz,NORTH MANKATO,MN,
300 SE ST,KIMBALL SCHOOL DISTRICT,Chris Wirz,KIMBALL,SD,57355
13625 Jay St NW,Kottke Bus Service,Chris Wirz,ANOKA,MN,
351 6th st Box 125,LAFAYETTE SCHOOL DISTRICT (Bennet),Chris Wirz,Lafayette,MN,56054
311 SO MURPHY ST BOX 871,"LAKE CRYSTAL SCHOOL BUS SERVICE, INC",Chris Wirz,LAKE CRYSTAL,MN,56055
34664 139TH ST,LENZ BUS SERVICE,Chris Wirz,WASECA,MN,56093
1001 SE FIFTH AVENUE,Little Falls IND SCHOOL DIST #482,Chris Wirz,LITTLE FALLS,MN,56345
,Long Prairie Schools (Aksamit Bus),Chris Wirz,,,
8600 Xylite St NE,Lorenz Bus Service,Chris Wirz,MINNEAPOLIS,MN,55449
106 Cable Road,Lovens Repair,Chris Wirz,SWANEVILLE,MN,56382
213 247 Hwy 60 NE,Madelia Bus Service Ins,Chris Wirz,MADELIA,MN,56062
5801 Baker Road,Mainline Transportation (MTI),Chris Wirz,Minnetonka,MN,55345
14015 S RIVERFRONT Dr,MANKATO FAMILY YMCA,Chris Wirz,MANKATO,MN,56001
105 E 5TH ST,MARTIN COUNTY WEST PUBLIC SCHOOLS,Chris Wirz,SHERBURN,MN,56171
37264 County Road 13,Mayers Bus Service,Chris Wirz,MELROSE,MN,56352
8960 Evergreen blvd nw,METRO TRANS NETWORK,Chris Wirz,coon rapids,MN,55433
1306 10th street n.,Metropolitan  Transportation  Network (MTN),Chris Wirz,Sauk rapids,Mn,56379
39012 St HWY 4,Michael Kraemer Bus Service Inc,Chris Wirz,SAUK CENTRE,MN,56378
2507 Walnut Street,Minnehaha Transportation Inc,Chris Wirz,Roseville,MN,55113
5288 STAGE COACH TRAIL N,MINNESOTA CENTRAL SCHOOL BUS,Chris Wirz,STILLWATER,MN,55082
464 RAINTREE RD,"MN VALLEY ACTION COUNCIL, INC",Chris Wirz,MANKATO,MN,56001
710 11TH ST N,MOUNTAIN LAKE CHRISTIAN SCHOOL,Chris Wirz,MOUNTAIN LAKE,MN,56159
450 12TH ST,MOUNTAIN LAKE SCHOOL DISTRICT #173-01,Chris Wirz,MOUNTAIN LAKE,MN,56159
1406 N MAIN ST SUITE 200,NEW HORIZON ACADEMY,Chris Wirz,MERIDIAN,ID,83642
16355 36TH AVE N STE 700,NEW HORIZON CHILD CARE,Chris Wirz,PLYMOUTH,MN,55446
39552 CO Rd 11,New Munich Bus Service,Chris Wirz,FREEPORT,MN,56331
401 CENTRAL AVE N,NEW PRAGUE SCHOOL DISTRICT #721-01,Chris Wirz,NEW PRAGUE,MN,56071
6644 Main St,NORTH BRANCH PUBLIC SCHOOLS 138,Chris Wirz,North Branch,MN,55056
265 10th St NE,North Central Transportation,Chris Wirz,MILACA,MN,56353
2545 Henry st,North St. Paul-Maplewood-Oakdale School District 622,Chris Wirz,N St Paul,MN,55109
11345 Robinson Drive NW,Northwest Passage High School,Chris Wirz,COON RAPIDS,MN,55433
306 Ash Ave S.,NRHEG SSCHOOL DISRTICT 2168-01,Chris Wirz,NEW RICHLAND,MN,56072
8250 E Ramsey PKWY,PACT CHARTER SCHOOL (contraced to Kottke Bus),Chris Wirz,RAMSEY,MN,55303
P.O. Box 2026,PALMER BUS SERVICE CORPORATE OFFICE,Chris Wirz,North Mankato,MN,56002-2026
2200 CARLSON DRIVE,PALMER BUS SERVICE OF NORTH MANKATO,Chris Wirz,NORTH MANKATO,MN,56003
213 19TH AVE NE,PALMER BUS SERVICE OF WASECA,Chris Wirz,WASECA,MN,56093
301 2ND AVE SOUTH,PALMER-AMBOY SCHOOL BUS SERVICE INC,Chris Wirz,AMBOY,MN,56010
PO BOX 581,"PALMER-AUSTIN TRANSPORTATION, INC",Chris Wirz,AUSTIN,MN,55912
302 OAK ST SW,PALMER-RUSSELLS BUS SERVICE,Chris Wirz,NEW LONDON,MN,56273
700 HUMBOLT AVE,"PARENTS IN COMMUNITY ACTION, INC.",Chris Wirz,MINNEAPOLIS,MN,55411
112 KAMNIC STREET,Pierz Public Schools #484,Chris Wirz,PIERZ,MN,56364
17516 COUNTY RD 2,POSUSTA BUSING,Chris Wirz,SILVER LAKE,MN,55381
2550 50th St. West,Prairie Bus Service (4.0 SChool Services),Chris Wirz,WEBSTER,MN,55088
6200 WEST BROADWAY AVE N,PRAIRIE SEEDS ACADEMY,Chris Wirz,BROOKLYN PARK,MN,55428
6975 Wedgewood Rd,PRIMEROSE SCHOOL OF EDEN PRAIRIE,Chris Wirz,MAPLE GROVE,MN,55347
17805 OLD ROCKFORD ROAD,PRIMEROSE SCHOOL OF PLYMOUTH,Chris Wirz,PLYMOUTH,MN,55446
6975 WEDGEWOOD ROAD,PRIMROSE SCHOOL OF MAPLE GROVE,Chris Wirz,MAPLE GROVE,MN,Joe Picket
7459 SO PARK DRIVE,PRIMROSE SCHOOL OF SAVAGE,Chris Wirz,SAVAGE,MN,55378
2303 124TH CT NE,PRIMROSE SCHOOL OF THE LAKES AT BLAINE,Chris Wirz,BLAINE,MN,55449
10350 CITY WALK DR,PRIMROSE SCHOOL OF WOODBURY,Chris Wirz,WOODBURY,MN,55129
1250 JOHNSON RD,REACH-UP INC,Chris Wirz,ST CLOUD,MN,56304
6298 Hodgson RD,Rehbein Transit,Chris Wirz,Circle Pines,MN,55014
21 N CASS ST,"RICHERT BUS SERVICE, INC",Chris Wirz,SPRINGFIELD,MN,56087
718 E Main St,Richmond Bus Service,Chris Wirz,RICHMOND,MN,56368
,Rocori School District,Chris Wirz,Cold Spring,MN,
15180 Canada Ave.,ROSEMOUNT-APPLE VALLEY-EAGAN SCHOOLS ISD #196,Chris Wirz,ROSEMOUNT,MN,55068
120 S Hawthorne St,ROYALTON PUBLIC SCHOOLS,Chris Wirz,ROYALTON,MN,56373
47893 435TH AVE,RUDNICK BUS SERVICE,Chris Wirz,NICOLLET,MN,56074-4263
PO BOX 566 51001 FAIRFIELD AVE,RUSH CITY SCHOOL DIST #139,Chris Wirz,RUSH CITY,MN,55069
1111 27th Ave St N,Sartell St Stephen ISD # 748,Chris Wirz,SARTELL,MN,56377
903 STATE RD,SAUK CENTRE INDEPENDENT SCHOOL DISTRICT 743,Chris Wirz,SAUK CENTRE,MN,56378
2000 W 96TH ST,SEPTRAN INC Direct Buy Account,Chris Wirz,BLOOMINGTON,MN,55431
500 COURT STREET,SIBLEY EAST SCHOOLS DIST NO 2310,Chris Wirz,GAYLORD,MN,55334
800 MAIN ST E,SLEEPY EYE BUS SERVICE,Chris Wirz,SLEEPY EYE,MN,56085
2448 18TH AVE S,SOUTHSIDE FAMILY NURTURING CENTER,Chris Wirz,MINNEAPOLIS,MN,55404
4500 Clinton Ave South,Southside Family School,Chris Wirz,Minneapolis,MN,55409
1106 3RD AVE,SOUTHWESTERN MN OPPORTUNITY COUNCIL HEAD START,Chris Wirz,WORTHINGTON,MN,56187
1310 Sunridge Drive,Spanier Bus Service,Chris Wirz,ST CLOUD,MN,56301
9945 218th Ave (msboa address),SPECO Charter Service,Chris Wirz,Elk River,MN,55330
737 Osseo Ave S,ST CLOUD AREA SCHOOL DIST #742,Chris Wirz,ST CLOUD,MN,56301
4115 AMBASSADOR BLVD,ST FRANCIS IND SD#15,Chris Wirz,ST FRANCIS,MN,55070
910 WESTON AVE,ST JAMES BUS SERVICE,Chris Wirz,ST JAMES,MN,56081
104 St Marys St NW,"ST MARY'S HIGH SCHOOL, SLEEPY EYE",Chris Wirz,SLEEPY EYE,MN,56085
1780 7th St W,ST PAUL SCHOOL ISD 625,Chris Wirz,SAINT PAUL,MN,55116
"5280 Co Line Rd, P Box 166",Stahlke Bus Service,Chris Wirz,DELANO,MN,55328
406 S Meridan St,Stier Transportation Services,Chris Wirz,BELLE PLAIN,MN,56011
8199 Hwy 115,Strack Bus Service,Chris Wirz,RANDALL,MN,56475
1686 Church Ave,Sues Bus Service,Chris Wirz,BOCK,MN,56313
602 DEGRAFF AVE,SWANVILLE PUBLIC SCHOOL,Chris Wirz,SWANVILLE,MN,56382
3495 north victoria streer,The Church of St. Odila,Chris Wirz,Shoreview,MN,55126
220 w 11th st,"Thielen Bus Lines, INC",Chris Wirz,REDWOOD FALLS,MN,56283
1200 OAKDALE AVE,TINY TOTS & LITTLE TYKES CHILD CARE,Chris Wirz,West ST PAUL,MN,55118
1350 Gardena Ave NE,"TOTINO GRACE HIGH SCHOOL, FRIDLEY",Chris Wirz,FRIDLEY,MN,55432
,TRACY/COTTONWOOD SCHOOLS,Chris Wirz,,,
413 S County Rd 2,Trobec Bus Service Inc,Chris Wirz,ST STEPHEN,MN,56375
332 S 4TH AVE,TRUMAN BUS SERVICE,Chris Wirz,TRUMAN,MN,56088
Box 267 Hwy 14 E,Tyler Bus Service,Chris Wirz,TYLER,MN,56120
415 S Main st,UPSALA SCHOOLS,Chris Wirz,UPSALA,MN,55384
4000 28th Avenue South,US Transportation Services,Chris Wirz,Minneapolis,Mn,55406
16676 19th Ave NW (msboa address),Vision Trans of Big Lake,Chris Wirz,BIG LAKE,MN,55309
12508 Elk Lake Rd,Vision Transportation Inc,Chris Wirz,ELK RIVER,MN,55330
PO BOX 1,"VOIGT'S SCHOOL BUS SERVICES, INC.",Chris Wirz,ST CLOUD,MN,56302
1333 May St,WABASSO PUBLIC SCHOOLS DIST 640-4.0 Contract,Chris Wirz,WABASSO,MN,56293
501 E Elm Ave,WASECA PUBLIC SCHOOL DISTRICT # 829,Chris Wirz,WASECA,MN,56093
500 E PAQUIN ST,WATERVILLE-ELYSIAN-MORRISTOWN PUBLIC SCHOOLS,Chris Wirz,WATERVILLE,MN,56096
125 W BROADWAY SUITE #110,WAY TO GROW,Chris Wirz,MINNEAPOLIS,MN,55411
305 Vicksburg lane,WAYZATA SCHOOL DISTRICT #2143,Chris Wirz,PLYMOUTH,MN,55447
48963 US HWY 14,West Side Transportation,Chris Wirz,NICOLLET,MN,56074
4855 BLOOM AVE SUITE 310,WHITE BEAR LAKE AREA SCHOOLS,Chris Wirz,WHITE BEAR LAKE,MN,55110
39552 CO RD 11,Williams Bus Service,Chris Wirz,FREEPORT,MN,56331
1400 17th st,WINDOM SCHOOL DISTRICT #177-01,Chris Wirz,WINDOM,MN,
130 WEST DIVISION STREET,WRIGHT COUNTY COMMUNITY ACTION,Chris Wirz,MAPLE LAKE,MN,55358
56548 DOC JONES RD,"YAEGER BUS SERVICE, INC",Chris Wirz,MANKATO,MN,56001
85 PLEASANT DR,YMCA OF GREATER ST PAUL,Chris Wirz,HASTINGS,MN,55033-1648
22750 Pillsbury Ave.,Schmitty and Sons,Mike Klauda,Lakeville,Mn,55044
PO BOX 278,CITY OF WINONA,Mike Klauda,WINONA,MN,55987
807 WEST MAIN STREET,ROCK COUNTY OPPORTUNITIES,Mike Klauda,LUVERNE,MN,56156
2011 SE 6TH LANE,WALKER METHODIST (MULTIPLE CAMPUSES OF ONE LOCATION),Mike Klauda,CAMBRIDGE,MN,55008
"421 HICKORY STREET, SUITE #200",VINE FAITH IN ACTION,Mike Klauda,MANKATO,MN,56001
2770 CLEVELAND AVENUE NORTH,NE CONTEMPORARY SERVICES,Mike Klauda,ROSEVILLE,MN,55113
350 VAN WHITE MEMORIAL BOULEVARD,AUGUSTANA CARES COMMUNITY PARTNERS,Mike Klauda,MINNEAPOLIS,MN,55401
1505 PARK AVENUE SOUTH,VOLUNTEERS OF AMERICA,Mike Klauda,MINNEAPOLIS,MN,55404
401 Commerce Drive SE,SEMCAC - Rolling Hills Transit,Mike Klauda,Kasson,MN,55944
1304 SOUTH 7TH AVENUE,WATONWAN COUNTY TMT,Mike Klauda,SAINT JAMES,MN,56081
1320 SW 22ND AVENUE,CENTRAL COMMUNITY TRANSIT,Mike Klauda,WILLMAR,MN,56201
245 SW 2ND STREET,ISANTI COUNTY HEARTLAND EXPRESS,Mike Klauda,CAMBRIDGE,MN,55088
312 NE 1ST STREET,"NEW RICHLAND CARE CENTER, CITY OF NEW RICHLAND",Mike Klauda,NEW RICHLAND,MN,56072
2845 HAMLINE AVENUE NORTH,PRESBYTERIAN HOMES - ECHO RIDGE,Mike Klauda,ROSEVILLE,MN,55113
1100 SOUTH 1ST AVENUE,COUNTRYSIDE RETIREMENT COMMUNITY,Mike Klauda,SLEEPY EYE,MN,56085
900 OCEAN STREET,MIDWEST SPECIAL SERVICES,Mike Klauda,SAINT PAUL,MN,55106
1720 BIG LAKE ROAD,FOND DU LAC BAND,Mike Klauda,CLOQUET,MN,55720
PO BOX 321,MAIN STREET INDUSTRIES,Mike Klauda,CLINTON,MN,56225
17230 NOOPIMING DRIVE,MILLE LACS BAND OF OJIBWE PUBLIC HEALTH,Mike Klauda,ONAMIA,MN,56359
1053 EAST MARK STREET,WINONA ORC,Mike Klauda,WINONA,MN,55987
1106 3RD AVENUE,SW MN OPPORTUNITY COUNCIL,Mike Klauda,WORTHINGTON,MN,56187
1754 WASHINGTON AVENUE,"EAST SUBURBAN RESOURCES (ESR, INC.)",Mike Klauda,STILLWATER,MN,55082
5 DOWNTOWN PLAZA,STEP INC.,Mike Klauda,FAIRMONT,MN,56031
18 NORTH VINE STREET,KANABEC COUNTY TIMBER TRAILS,Mike Klauda,MORA,MN,55051
"719 NORTH 7TH STREET, SUITE #302",PRAIRIE FIVE,Mike Klauda,MONTEVIDEO,MN,56265
1023 North Dewey Street,PRAIRIE LAKES TRANSIT (FORMERLY MARTIN AND FARIBAULT COUNTIES SEPARATELY),Mike Klauda,FAIRMONT,MN,56031
227 SOUTH FRONT STREET,CITY OF SAINT PETER,Mike Klauda,SAINT PETER,MN,56082
1400 SOUTH SARATOGA STREET,UNITED COMMUNITY ACTION PARTNERSHIP,Mike Klauda,MARSHALL,MN,56258
249 POPLAR AVENUE,RAINBOW RIDER TRANSIT,Mike Klauda,LOWRY,MN,56349
3700 HIGHWAY 61 NORTH,NEWTRAX INC,Mike Klauda,WHITE BEAR LAKE,MN,55110
8080 MITCHELL ROAD,CITY OF EDEN PRAIRIE,Mike Klauda,EDEN PRAIRIE,MN,55344
11501 MASONIC HOME DRIVE,MN MASONIC HOME,Mike Klauda,BLOOMINGTON,MN,55437
501 NW 6TH AVENUE,GOLD CROSS,Mike Klauda,ROCHESTER,MN,55901
14344 CAMEO AVENUE WEST,THE ROSEMOUNT,Mike Klauda,ROSEMOUNT,MN,55068
720 EAST LAKE STREET,"CLUES, INC.",Mike Klauda,MINNEAPOLIS,MN,55407
24 NW 8TH STREET,SAMARITAN BETHANY,Mike Klauda,ROCHESTER,MN,55901
825 SUMMIT AVENUE,THE KENWOOD,Mike Klauda,MINNEAPOLIS,MN,55403
3900 BETHEL DRIVE,BETHEL UNIVERSITY,Mike Klauda,SAINT PAUL,MN,55112
"401 NORTH 3RD STREET, SUITE #570",OPPORTUNITY SERVICES,Mike Klauda,MINNEAPOLIS,MN,55401
1808 SE 3RD AVENUE,POSSABILITIES OF SOUTHERN MN,Mike Klauda,ROCHESTER,MN,55904
115 EAST 1ST STREET,MILLE LACS COUNTY AREA DAC,Mike Klauda,MILACA,MN,56353
5517 LYNDALE AVENUE SOUTH,MOUNT OLIVET (MULTIPLE CAMPUSES OF ONE LOCATION),Mike Klauda,MINNEAPOLIS,MN,55419
104 SOUTH GARFIELD AVENUE,SOUTH DAKOTA FLEET AND TRAVEL MANAGEMENT,Mike Klauda,PIERRE,SD,57501
16820 NW 197TH AVENUE,"OPTIONS, INC.",Mike Klauda,BIG LAKE,MN,55309
320 SUNDIAL DRIVE,WACOSA,Mike Klauda,WAITE PARK,MN,56387
3195 NEIL ARMSTRONG BOULEVARD,"PROACT, INC.",Mike Klauda,EAGAN,MN,55121
1210 SOUTH 23RD AVENUE,TRI-COUNTY ACTION PROGRAM (TRI-CAP),Mike Klauda,WAITE PARK,MN,56378
2111 NW 4TH STREET,CEDAR VALLEY SERVICES,Mike Klauda,AUSTIN,MN,55912
3400 PLYMOUTH BOULEVARD,METROPOLITAN COUNCIL - PLYMOUTH METROLINK,Mike Klauda,MINNEAPOLIS,MN,55447
200 WEST 4TH AVENUE,METROPOLITAN COUNCIL - SMART LINK SCOTT COUNTY,Mike Klauda,SHAKOPEE,MN,55379
12800 ARBOR LAKES PARKWAY,METROPOLITAN COUNCIL / MAPLE GROVE TRANSIT,Mike Klauda,MAPLE GROVE,MN,55369
1154 NORTH 5TH STREET,METROPOLITAN COUNCIL - TRANSIT TEAM,Mike Klauda,MINNEAPOLIS,MN,55411
3400 STATE HIGHWAY 13,METROPOLITAN COUNCIL / FIRST TRANSIT BURNSVILLE,Mike Klauda,BURNSVILLE,MN,55337
1717 WEST COUNTY ROAD C,METROPOLITAN COUNCIL / FIRST TRANSIT ROSEVILLE,Mike Klauda,ROSEVILLE,MN,55112
1300 NORTH KNISS,MN VETERANS HOME - LUVERNE,Mike Klauda,LUVERNE,MN,56156
5420 OLD HIGHWAY 8,FLEET SERVICES,Mike Klauda,ARDEN HILLS,MN,55112
615 SW 7TH STREET,ROCHESTER SCHOOLS,Mike Klauda,ROCHESTER,MN,55902
4444 RESERVOIR BOULEVARD NE,CRESTVIEW LUTHERAN HOME,Mike Klauda,COLUMBIA HEIGHTS,MN,55421
725 OPPORTUNITY DRIVE,ANDERSON TRUCKING SERVICE,Mike Klauda,SAINT CLOUD,MN,56303
640 JACKSON STREET,REGIONS HOSPITAL,Mike Klauda,SAINT PAUL,MN,55101
1555 118TH LANE NW,"MARY T., INC.",Mike Klauda,COON RAPIDS,MN,55448
210 WEST CIRO STREET,MN PARA TRANSIT SERVICES LLC,Mike Klauda,TRUMAN,MN,56088
167 GRAND AVENUE,ALLINA HEALTH,Mike Klauda,SAINT PAUL,MN,55102
307 PINE STREET,AMERICARE MOBILITY VAN,Mike Klauda,MANKATO,MN,56001
515 Cleveland Ave,METROPOLITAN COUNCIL,Mike Klauda,St Paul,MN,55114
,City of Mankato,Mike Klauda,Mankato,MN,
4300 East River Road NE,Rochester Public Transit,Mike Klauda,Rochester,MN,55906
,City of Rochester,Mike Klauda,,,
18986 Lake Drive East,Mount Olivet Rolling Acres,Mike Klauda,Chanhassen,MN,55317
665 Franklin Ave NE,Metro Bus,Mike Klauda,St. Cloud,MN,56304
3100 State Hwy 13,Schmitty and Sons-Burnsville Location,Mike Klauda,Burnsville,Mn,55337
,Wilderness Resort,Mike Klauda,,,
,New Prague Senior Living Operations I LLC,Mike Klauda,,,
,Country Inn & Suites,Mike Klauda,,,
2772 Blue Water Road,Enterprise Fleet Management,Mike Klauda,Egan,MN,55121
2111 4th Street NW,Cedar Valley Services - Austin,Mike Klauda,Austin,MN,55912
415 North Grove Avenue,Cedar Vally Services - Owatonna,Mike Klauda,Owatonna,MN,55060
13500 Technology Drive,Southwest Transit,Mike Klauda,Eden Prairie,MN,55344
204 Mississippi Avenue,ProAct Red Wing,Mike Klauda,Red Wing,MN,55066
1700 2nd Street NE,East Side Neighborhood Services,Mike Klauda,Minneapolis,MN,55413
1983 Sloan Place Suites 13 & 14,"TSE, Inc",Mike Klauda,Maplewood,MN,55117
222 Park Place,Presbyterian Homes - Avalon,Mike Klauda,"Waukesha,",MN,53186
718 Mound Avenue,Ecumen - Pathstone Living,Mike Klauda,Mankato,MN,56001
313 Main Street Room #230,Chisago  County Veterans,Mike Klauda,Center City,MN,55012
3770 Emerald Drive,"Onalaska Senior Living, LLC",Mike Klauda,Onalaska,Wi,54650
1440 Grand Avenue South,"Roers Senior Living Burnsville, LLC",Mike Klauda,Burnsville,MN,55337
300 S Bruce Street,Avera Marshall Regional Medical Center,Mike Klauda,Marshall,MN,56258
11800 Xeon Boulevard NW,Camilia Rose,Mike Klauda,Coon Rapids,MN,55448-2061
4001 19th Avenue NW,Madonna Living Community of Rochester,Mike Klauda,Rochester,MN,55901
620 Mendelssohn Avenue N - Suite 107,"The Schuett Companies, Inc",Mike Klauda,Golden Valley,MN,55427
1890 Sherren Avenue East,The Homestead at Maplewood,Mike Klauda,Maplewood,MN,55109
307 Northwest Ninth Avenue,"Employment Enterprises, Inc",Mike Klauda,Little Falls,MN,55345
3941 East Calvary Road,"MInnesota Coaches, Inc",Mike Klauda,Duluth,MN,55803
13690 Theresa Place,UffDa Adventures,Mike Klauda,Eden Prairie,MN,55346
149 8th Avenue SE,Catholic Eldercare by Day,Mike Klauda,Minneapolis,MN,55413
183 University Avenue East,Gillette Children's Hospital,Mike Klauda,St. Paul,MN,
2311 Badger Drive,Waukesha Metro Transit,Mike Klauda,Waukesha,Wi,53188
340 Highway 10,Bradbury Stamm Construction - Winkelman,Mike Klauda,St. Cloud,MN,56304
,Shakopee Mdewakanton Sioux Community,Mike Klauda,,,
2400 Mystic Lake Blvd NW,Mystic Lake,Mike Klauda,Prior Lake,MN,55312
2200 Trail of Dreams,Play works,Mike Klauda,Prior Lake,MN,55372
1545 River Hills PKWY,GracePointe Crossing,Mike Klauda,Cambridge,MN,55008
1545 River Hills PKWY,Presbyterian Homes - GracePointe Crossing,Mike Klauda,Cambridge,MN,55008
200 West 4th Avenue,Scott County,Mike Klauda,Shakopee,MN,55379
126 Woodlake Drive SE,Families First of Minnesota,Mike Klauda,Rochester,MN,55904
7400 West 109th Street,Tealwood Senior Living,Mike Klauda,Bloomington,MN,55438
5855 Cheshire Parkway,Trillium Woods,Mike Klauda,Plymouth,MN,55446
,Buffalo Lake Health Care Center,Mike Klauda,Buffalo Lake,MN,55314
407 E Williams Street,LIFE Center of Freeborn County,Mike Klauda,Albert Lea,MN,56007
5200 Wayzata Blvd,Global Pointe Senior Living,Mike Klauda,Golden Valley,MN,55416
,Chamberline Concierge/aka Kids on the Go,Mike Klauda,Rochester,MN,55901
777 Lady Luck Drive,Grand Casino - Hinckley,Mike Klauda,Hinckley,MN,55037
6474 City West Parkway,Cornerstone Parking Group,Mike Klauda,Eden Prairie,MN,55344
730 North Pine Street,Ability Building Center (ABC Works),Mike Klauda,Caledonia,MN,55019
430 Railway Street South,Epic Enterprises,Mike Klauda,Dundas,MN,55019
421 East Hickory Street,True Transit/Vine Faith in Action,Mike Klauda,Mankato,MN,56001
8000 Bass Lake Road,St. Therese of New Hope,Mike Klauda,New Hope,MN,55428
512 Humboldt Avenue,Cerenity Senior Care,Mike Klauda,St. Paul,MN,55107
1801 Collegeway,Ecumen Meadows,Mike Klauda,Worthington,MN,56187
6200 Xerxes Avenue South,Edenbrook of Edina,Mike Klauda,Edina,MN,55423
15855 22nd Avenue N,Brookdale Alzheimer & Dementia Care,Mike Klauda,Plymouth,MN,55447
5501 Femrite Drive,Badger Bus,Mike Klauda,Madison,Wi,53718
W156N4881 Pilgrim Road,Presbyterian Homes - Dickson Hallow,Mike Klauda,Menomonee Falls,Wi,53051
651 Nicollet Mall - Suite 500,YMCA of the Greater Twin Cities,Mike Klauda,Minneapolis,MN,55402
1600 East Dakota Avenue,River Cities Public Transit,Mike Klauda,Pierre,SD,57501
205 North 4th Street,Aberdeen Ride Line,Mike Klauda,Aberdeen,SD,57401
418 Western Avenue,Brookings Area Transit Authority,Mike Klauda,Brookings,SD,57006
901 East 7th Street,Yankton Transit,Mike Klauda,Yankton,SD,57078
700 East Broadway Avenue,State of South Dakota - DOT,Mike Klauda,Pierre,SD,57501
2651 University Avenue SE,J.A. Wedum Foundation,Mike Klauda,Minneapolis,MN,55414-3207
2845 Hamline Avenue North,Presbyterian Homes & Services,Mike Klauda,Roseville,MN,55113
10985 Lake Blvd,Chisago Lakes Achieve Center,Mike Klauda,Chisago City,MN,55013
218 Main Street South,"West Central Industries, Inc (WCI)",Mike Klauda,Hutchinson,MN,55350
427 East 10th Street,"ProWorks, Inc",Mike Klauda,Litchfield,MN,55355
20 West 12th Street,Disabled American Veterans of MN,Mike Klauda,St. Paul,MN,55155
330 US Highway 14,Hope DAC,Mike Klauda,Tyler,MN,56178
1300 SW 22nd Street,"West Central Industries, Inc (Willmar office)",Mike Klauda,Willmar,MN,
2225 28th Street,Murray County DAC,Mike Klauda,Slayton,MN,56172
1901 Delafield St.,Waukesha Police Department,Mike Klauda,Waukesha,Wi,53188
11550 Rupp Drive,Minnesota Valley Transit Authority,Mike Klauda,Burnsville,MN,55337
2015 Tumble Weed Trail,Prairie Hills Transit,Mike Klauda,Spearfish,SD,57783
3003 Snelling Avenue North,University of Northwestern - St. Paul,Mike Klauda,"St, Paul",MN,55113
11785 Justen Circle,Midwest ParaTransit Services,Mike Klauda,Maple Grove,MN,55369
,MN Party Bus,Mike Klauda,Lake Elmo,MN,
12800 Arbor Lakes Parkway North,City of Maple Grove,Mike Klauda,Maple Grove,MN,55369
4001 NW 19th Avenue,Benedictine Health - Madonna Towers,Mike Klauda,Rochester,MN,55901
1424 Old Knoxville Hwy,Wilderness at the Smokies,Mike Klauda,Sevierville,TN,37876
,The Free Book Buggie,Mike Klauda,Burnsville,MN,
9 Rustic Lodge West,"TRUST, Inc",Mike Klauda,Minneapolis,MN,55419
,Beacon Mobility,Mike Klauda,,MA,
423 1ST AVE,EDGERTON SCHOOL DISTRICT #581-01,Paul Fiereck,EDGERTON,MN,56128
930 40TH nw,BOYS AND GIRLS CLUB OF ROCHESTER,Paul Fiereck,ROCHESTER,MN,55901
3810 180th Ave NE,Mueller Bus Services,Paul Fiereck,ST CHARLES,MN,55972
25874 COUNTY RD 37,PAGEL BUS COMPANY-Sold to John Mueller,Paul Fiereck,ST. Charles,MN,55972
312 N SPRAGUE ST,SCHMITZ BUS SERVICE INC,Paul Fiereck,CALEDONIA,MN,55921
1000 SHUMWAY AVE,SHATTUCK-ST MARY'S,Paul Fiereck,FARIBAULT,MN,55021
1607 23RD AVE SE,WIEBOLD BUS,Paul Fiereck,ROCHESTER,MN,55904
HWY 59 NORTH,"WITZEL BUS SERVICE, INC",Paul Fiereck,FULDA,MN,56131
330 3RD ST,BALATON SCHOOL DISTRICT #411-01,Paul Fiereck,BALATON,MN,56115
560 Dunnell Drive # 211b,RECOVERY SCHOOL OF SOUTHERN MN,Paul Fiereck,OWATONNA,MN,55060
500 SUNSET DR,JORDAN SCHOOL DISTRICT,Paul Fiereck,JORDAN,MN,55352
700 E 2ND STREET,LYLE PUBLIC SCHOOL DISTRICT #497,Paul Fiereck,LYLE,MN,55953
,LYND SCHOOL DISTRICT #415,Paul Fiereck,,,
,MILROY SCHOOL DISTRICT #635-01,Paul Fiereck,,,
PO BOX C ???,BENGSTON BUS SERVICE,Paul Fiereck,KENYON,MN,55946
925 CHURCH AVE,ST CHARLES PUBLIC SCHOOL DISTRICT #858,Paul Fiereck,ST CHARLES,MN,55972
201 LYNDALE AVE S,THREE RIVER COMMUNITY ACTION,Paul Fiereck,FAIRBAULT,MN,55021
,HENDRICKS PUBLIC SCHOOLS,Paul Fiereck,,,
203 2ND ST NW,SOUTHLAND PUBLIC SCHOOLS ISD 500,Paul Fiereck,ADAMS,MN,55909
,JACKSON CITY CENTRAL SCHOOL DISTRICT #2862,Paul Fiereck,,,
,LAKE BENTON-VERDI SCHOOLS,Paul Fiereck,,,
710 4TH AVE NE,GRAND MEADOW SCHOOL DIST #495,Paul Fiereck,GRAND MEADOW,MN,55936
"624 Water St, Box 179",Kennedy Bus Service,Paul Fiereck,ZUMBRO FALLS,MN,
110 1ST ST NE,SEMCAC HEADSTART,Paul Fiereck,BLOOMING PRAIRIE,MN,55917
301 N Summit ave,HILLS BEAVER CREEK,Paul Fiereck,Hills,MN,
,IVANHOE SCHOOL DISTRICT #403-01,Paul Fiereck,,,
,LAMBERTON SCHOOL DISTRICT #2882,Paul Fiereck,,,
1 BULLDOG AVE,BALTIC SCHOOL DIST 49-1,Paul Fiereck,BALTIC,SD,57003
13961 Maple Knoll Way,MILLLENIUM LEARNING CENTER,Paul Fiereck,OSSEO,MN,55369
29110 DAVISSON AVE,RANDOLPH SCHOOL DISTRICT #195-01,Paul Fiereck,RANDOLF,MN,55065
,RTR SCHOOLS,Paul Fiereck,,,
PO BOX 40,ALBANY AREA SCHOOL #745,Paul Fiereck,ALBANY,MN,56307
306 WEST ELM ST,HOUSTON SCHOOL DISTRICT #294,Paul Fiereck,HOUSTON,MN,55943
,MABLE CANTON,Paul Fiereck,,,
636 W 6TH ST,HALEY BUS SERVICE St. Charles,Paul Fiereck,ST. CHARLES,MN,55972
100 KIRKWOOD E BOX 410,ISD 229 LANESBORO PS,Paul Fiereck,LANESBORO,MN,55949
750 2ND AVE NE,MEDFORD SD #763-01,Paul Fiereck,MEDFORD,MN,55049
509 8th Ave NE,PRIESTER BUS INC/ JASPER BUS SERVICE LLC,Paul Fiereck,PIPESTONE,MN,56164
759 5TH ST,BRITTON-HECLA SCHOOL DISTRICT-45-4,Paul Fiereck,BRITTON,SD,57430
,"O'REILLY BUS ,",Paul Fiereck,GOODHUE,,
17877 PANAMA AVE,"DEBAERE, RONALD LOUIS-Sold to Busse Stud. Trans.",Paul Fiereck,PRIOR LAKE,MN,55372
230 5TH ST SE,GLENVILLE-EMMONS SCHOOL DISTRICT,Paul Fiereck,GLENVILLE,MN,56036
344 8TH ST,WESTBROOK WALNUT GROVE SCHOOL DIST #2898,Paul Fiereck,WESTBROOK,MN,56183
410 5TH ST WEST,DEUEL SCHOOL DISTRICT,Paul Fiereck,CLEAR LAKE,SD,57226
628 Hwy 63 SE,Grisim School Bus Service,Paul Fiereck,STEWARTVILLE,MN,55976
305 WEST 5TH AVE,LENNOX SCHOOL DISTRICT 41-4,Paul Fiereck,LENNOX,SD,57039
2643 Oak Ave,Ludolph Bros,Paul Fiereck,SLAYTON,MN,56172
400 Tennessee Ave,Adrian Bus Company,Paul Fiereck,ADRIAN,MN,56110
615 S AVENUE,ISD 533 DOVER EYOTA,Paul Fiereck,EYOTA,MN,55934-2916
820 MINNESOTA ST EAST,CANNON FALLS SCHOOL DISTRICT,Paul Fiereck,CANNON FALLS,MN,55009
Po Box 226,"ADAM SERVICES, INC",Paul Fiereck,WAYZATA,MN,55391
47585 HWY 56 BLVD,Helds Bus Service,Paul Fiereck,KENYON,MN,55946
233 1ST AVE SE,PINE ISLAND SCHOOL DISTRICT #255-01,Paul Fiereck,PINE ISLAND,MN,55963
1400 S Saratoga st,WESTERN COMMUNITY ACTION INC,Paul Fiereck,Marshall,MN,56258
709 NORTH KNISS,LUVERNE PUBLIC SCHOOLS DIST #2184,Paul Fiereck,LUVERNE,MN,56156
705 N section Ave,KINGSLAND SCHOOL DISTRICT,Paul Fiereck,Spring Vally,MN,55975
813 HWY 14 WEST,ISD 2125 TRITON PUBLIC SCHOOLS,Paul Fiereck,DODGE CENTER,MN,55927
,MINNESOTA VALLEY ACTION CITY,Paul Fiereck,,MN,
315 HIGHWAY 52 E,HARMONY TRANSIT INC.,Paul Fiereck,HARMONY,MN,55939
1369 COUNTY 6,"READY BUS LINES, LaCresent",Paul Fiereck,LA CRESENT,MN,55947
5823 GRANITE CT SE,BUSSE STUDENT TRANSPORTATION,Paul Fiereck,PRIOR LAKE,MN,55372
101 16TH ST NE,KASSON MANTORVILLE SCHOOL DIST #204,Paul Fiereck,KASSON,MN,55944
1115 E 1ST STREET,MINNESOTA MOTOR BUS INC,Paul Fiereck,FAIRMONT,MN,56031
150 5th st SW,HURON SCHOOL DIST 2-2,Paul Fiereck,HURON,SD,57350
2410 W CITY LIMITS ROAD,YANKTON SCHOOL DISTRICT,Paul Fiereck,YANKTON,SD,57078
18740 FAIRLAWN AVE,BERENS BUS CO INC,Paul Fiereck,PRIOR LAKE,MN,55372
7001 HARRIET AVE  S,RICHFIELD PUBLIC SCHOOL DISTRICT #280,Paul Fiereck,RICHFIELD,MN,55432
300 S SPLITROCK BLVD,BRANDON VALLEY SCHOOL 49-2,Paul Fiereck,BRANDON,SD,57005
2615 1ST AVE NW,FAIRBAULT TRANSPORTATION,Paul Fiereck,FAIRBAULT,MN,55021
PO BOX 87,TODD COUNTY SCHOOL DISTRICT,Paul Fiereck,MISSION,SD,57555
1407 St John Ave,Albert Lea Bus Company,Paul Fiereck,ALBERT LEA,MN,56007
103 NW DIVISION STREET,Bernards Bus Service Inc,Paul Fiereck,CHATFIELD,MN,55923
2211 Edgewood Ave S,St Louis Park Transportation,Paul Fiereck,ST LOUIS PARK,MN,55426
32611 NORTHFIELD BLVD,"BENJAMIN BUS SERVICE, INC.",Paul Fiereck,NORTHFIELD,MN,55057
6754 valley view road,EDINA PUBLIC SCHOOL DISTRICT,Paul Fiereck,EDINA,MN,55439
1500 Travis Rd,"Southwest Coaches, Inc",Paul Fiereck,MARSHALL,MN,56258
5100 W 8TH STREET,SCHOOL BUS INC,Paul Fiereck,SIOUX FALLS,SD,57107
7362 E POINT DOUGLAS ROAD S,ISD 833 SOUTH WASHINGTON COUNTY SCHOOLS,Paul Fiereck,COTTAGE GROVE,MN,55016
4148 WINNETKA AVE NORTH,ROBBINSDALE AREA SCHOOLS ISD #281,Paul Fiereck,NEW HOPE,MN,55427
,MINNEAPOLIS SCHOOL DISTRICT #1,Paul Fiereck,,,
1734 21ST ST,"HENDRIKS,MELVIN LEROY",Paul Fiereck,EDGERTON,MN,56128
79602 550th Ave,Southwest Coaches,Paul Fiereck,JACKSON,MN,56143
115 S PARK ST SUITE 100,FAIRMONT PUBLIC SCHOOLS DIST #2752,Paul Fiereck,FAIRMONT,MN,56031
550 ELIZABETH ST,SOUTHWEST MINNESOTA CHRISTIAN HIGH,Paul Fiereck,EDGERTON,MN,56128
1400 North Dakota St,ABER CATHOLIC SCHOOL SYSTEM,Paul Fiereck,ABERDEEN,SD,57401
1224 S 3RD ST,ABERDEEN,Paul Fiereck,ABERDEEN,SD,57401
PO BOX 205,AGAR BLUNT ONIDA SD #58-3,Paul Fiereck,ONIDA,SD,57564
"PO BOX 198, 102ND E 5TH ST",ALCESTER-HUDSON SCHOOL DISTRICT,Paul Fiereck,ALCESTER,SD,57001
400 SCHOOL ST,ANDES CENTRAL SCHOOL DIST #11-1,Paul Fiereck,LAKE ANDES,SD,57356
306 S MAIN ST,ARLINTON,Paul Fiereck,ARLINGTON,SD,57212
604 3RD ST,ARMOUR SCHOOL,Paul Fiereck,ARMOUR,SD,57313
1224 N 1ST AVE,"ARMSTRONG,DANA AND CYNTHIA",Paul Fiereck,CALDWELL,ID,83605
201 PINE ST,AVON SCHOOL DISTRICT 4-1,Paul Fiereck,AVON,SD,
2305 13TH AVE,BELLE FOURCHE SCHOOL DISTRICT,Paul Fiereck,BELLE FOURCHE,SD,57717
402 2ND AVE,BENNETT COUNTY,Paul Fiereck,MARTIN,SD,57551
301 W MAPLE ST,BERESFORD SCHOOL DISTRICT,Paul Fiereck,BERESFORD,SD,57004
655 WALNUT ST,BIG STONE CITY,Paul Fiereck,BIG STONE CITY,SD,57216
347 Harrison ST NE,Bille Bus,Paul Fiereck,"Minneapolis, MN",,55413
200 E CARR ST,BISON SCHOOL DISTRICT,Paul Fiereck,BISON,SD,57620
PO Box 134 540 HWY 218 S,Blooming Prairie Transportation-Sold to Owatonna Bus,Paul Fiereck,BLOOMING PRAIRIE,MN,55924
960 N 10th St,Bluff Country Bus,Paul Fiereck,"Lake City, MN",MN,55041
1404 FIR ST,BON HOMME SCHOOL DISTRICT-04-2,Paul Fiereck,TYNDALL,SD,57006
3083 2ND AVE,BOWDLE SCOOL DISTRICT,Paul Fiereck,BOWDLE,SD,57428
,BRIDGEWATER /EMERY,Paul Fiereck,,,
PO BOX 107,BRISTOL SCHOOL DISTRICT-18-01,Paul Fiereck,BRISTOL,SD,57219
2310 8TH ST S,BROOKINGS SCHOOL DISTRICT -5-1,Paul Fiereck,BROOKINGS,SD,57006
,BROWNS VALLEY ISD 801 ( CONTRACTED TO SISSETON),Paul Fiereck,,,
900 WASHINGTON ST,BRUKE SCHOOL DISTRICT 26-2,Paul Fiereck,BRUKE,SD,57523
1887 2ND AVE NW,BYRON INDEPENDENT SCHOOL DIST 531,Paul Fiereck,BYRON,MN,55920
4919 HIGHWY 52 N,CITY KIDZ ACADEMY,Paul Fiereck,ROCHESTER,MN,55901
1150 NORTHSHORE DR,DAKOTA VALLEY SCHOOL DISTRICT,Paul Fiereck,NORTH SOUIX CITY,SD,57049
1216 N GARFIELD AVE,DELL RAPIDS SCHOOL DIST 49-3,Paul Fiereck,DELL RAPIDS,SD,57022
405 3RD ST,DESMET SCHOOL DISTRICT #38-2,Paul Fiereck,DE SMET,SD,57231
100 SCHOOL AVE,DEUBROOK AREA SCHOOLS 5-6,Paul Fiereck,WHITE,SD,57276
PO BOX 385,DOLAND PUBLIC SCHOOL,Paul Fiereck,DOLAND,SD,57436
400 PATRIOT DR,DOUGLAS SCHOOLS DIST #51-1,Paul Fiereck,BOX ELDER,SD,57719
615 South Ave Se,Dover Eyota School Dist,Paul Fiereck,"Eyota, MN",,55934
PO BOX 10,DUPREE SCHOOL DIST #64-2,Paul Fiereck,DUPREE,SD,57623
715 EAST 14TH ST,EAST DAKOTA EDUCATIONAL COOPERATIVE,Paul Fiereck,SIOUX FALLS,SD,57104
11 Peavey RD,Eastern Carver County Schools,Paul Fiereck,"Chaska, MN",,55318
715 MOGUL WAY,EDGEMONT SCHOOL DISTRICT,Paul Fiereck,EDGEMONT,SD,57735
PO BOX 317,EDMUNDS CENTRAL,Paul Fiereck,ROSCOE,SD,57471
,ELLSWORTH ISD 514,Paul Fiereck,,,
402 SOUTH DOUGLAS ST,ELK POINT JEFFERSON SCHOOL DISTRICT 61-7,Paul Fiereck,ELK POINT,SD,57025
508 BUFFALO ST,ELKTON PUBLIC SCHOOLS,Paul Fiereck,ELKTON,SD,57026
708 DAVIS AVE,ESTELLINE SCHOOL DISTRICT 28-2,Paul Fiereck,ESTELLINE,SD,57234
320 S. 2ND ST,ETHAN SCHOOL DISTRICT 17-1,Paul Fiereck,ETHAN,SD,57334
706 9TH ST,EUREKA SCHOOL DISTRICT 44-1,Paul Fiereck,EUREKA,SD,57437
503 S 2ND AVE W,FAITH SCHOOL DISTRICT 46-2,Paul Fiereck,FAITH,SD,57626
1114 COURT ST,FAULKTON,Paul Fiereck,FAULKTON,SD,57438
600 WEST COMMUNITY DRICE,FLANDREAU PUBLIC SCHOOLS,Paul Fiereck,FLANDREAU,SD,57028
515 MAIN AVE,FLORENCE SCHOOL DISTRICT 14-1,Paul Fiereck,FLORENCE,SD,57235
840 Norman Ave North,Foley School Dist,Paul Fiereck,"Foley, MN",Mn,56329
106 WEST PROSPECT AVE,FORELL LIMOUSINE & BUS SERVICE,Paul Fiereck,PIERRE,SD,57501
BOX 486,FREDERICK AREA SCHOOL DISTRICT,Paul Fiereck,FREDERICK,SD,57441
1001 S WIPF ST,FREEMAN PUBLIC SCHOOL DISTRICT 33-1,Paul Fiereck,FREEMAN,SD,57029
505 2ND  ST PO BOX C,GARRETSON IDS #49-4,Paul Fiereck,GARRETSON,SD,57030
100  KINGSBURY ST,GAYVILLE-VIOLIN SCHOOL DISTRICT,Paul Fiereck,GAYVILLE,SD,57031
100 E. KING AVE,GETTYSBURG SCHOOL DISTRICT,Paul Fiereck,GETTYSBURG,SD,57442
16370 482ND AVE,GRANT-DEUEL,Paul Fiereck,REVILLO,SD,57259
1200 LUTHER LN NE,GREAT PLAINS LUTHERAN HIGH SCHOOL,Paul Fiereck,WATERTOWN,SD,57201
505 LOGAN ST,GREGORY SCHOOL DISTRICT 26-4,Paul Fiereck,GREGORY,SD,57533
406 N 2ND ST,GROTON ARE SCHOOL DISTRICT 06-6,Paul Fiereck,GROTON,SD,57445
44577 188TH ST,HAMLIN SCHOOL DISTRICT 28-3,Paul Fiereck,HAYTI,SD,57421
230 6TH ST,HANSON SCHOOL DISTRICT 30-1,Paul Fiereck,ALEXANDRIA `,SD,57311
12474 TIPPERARY,HARDING COUNTY SCHOOL DISTRICT,Paul Fiereck,BUFFALO,SD,57720
200 WILLOW ST,HARRISBURG SCHOOL DISTRICT,Paul Fiereck,HARRISBURG,SD,57032
111 N CEDAR ST,HENRY SCHOOL DISTRICT 14-2,Paul Fiereck,HENRY,SD,57243
302 N MAIN ST,HERREID INDEPENDENT SCHOOL DISTRICT,Paul Fiereck,HERREID,SD,57632
415 IOWA AVE SOUTH,HIGHMORE-HARROLD SCHOOL DISTRICT #34-2,Paul Fiereck,HIGHMORE,SD,57345
488 MAIN ST,HILL CITY SCHOOL DISTRICT,Paul Fiereck,HILL CITY,SD,57745
401 4TH AVE,HITCHCOCK-TULARE SCHOOL DISTRICT,Paul Fiereck,TULARE,SD,57476
1609 UNIVERSITY AVE,HOT SPRINGS SCHOOL DISTRICT 23-2,Paul Fiereck,HOT SPRINGS,SD,57747
1833 OSAUKA ROAD NE,INDEPENDENT SCHOOL DIST 047,Paul Fiereck,SAUK RAPIDS,MN,56379-4530
2990 80TH st e,INVER GROVE HEIGHTS #199,Paul Fiereck,INVER GROVE HEIGHTS,MN,55076
211 5TH ST,IPSWICH PUBLIC SCHOOL 22-6,Paul Fiereck,IPSWICH,SD,57451
1145 Medallion Drive,ISD 197,Paul Fiereck,"Mendota Heights, MN",,55120
406 W MAIN STREET,ISD 499 LEROY-OSTRANDER SCHOOL,Paul Fiereck,LEROY,MN,55951
1510 WEST ELM AVE,JOHN PAUL 11 ELEMENTARY,Paul Fiereck,MITCHELL,SD,
,JONES COUNTY SCHOOL DISTRICT 37-3,Paul Fiereck,MURDO,SD,
32130 STATE HWY 56,"K&G BUS SERVICE, LLC",Paul Fiereck,WALTHAM,MN,55982
800 BAYBERRY ST,KADOKA AREA SCHOOL DISTRICT,Paul Fiereck,KADOKA,SD,57543
101 16th ST NE,Kasson Mantorville School Distritct,Paul Fiereck,"Kasson, MN",,55944
905 N 7th St,Lake City Bus Lines-delete doug grisim,Paul Fiereck,LAKE CITY,MN,55041
300 1ST ST NE,LAKE PRESTON PUBLIC SCHOOL,Paul Fiereck,LAKE PRESTON,SD,57249
1700 E Maple Ave,Lakes And Pines HeadStart,Paul Fiereck,"Mora, MN",,55051
100 Kirkwood St E,Lanesboro School Dist,Paul Fiereck,"Lanesboro, MN",,55949
206 CHESTNUT ST,LANGFORD AREA SCHOOL DISTRICT 45-5,Paul Fiereck,LANGFORD,SD,57454
2211 Edgewood Ave S,LAZER TRANSPORTATION SERVICE,Paul Fiereck,MINNEAPOLIS,MN,55426
320 SOUTH MAIN ST,LEAD-DEADWOOD SCHOOL DIST 40-1,Paul Fiereck,LEAD,SD,57754
209 3RD ST W,LEMMON SCHOOL DIST #52-4,Paul Fiereck,LEMMON,SD,57638
820 LEOLA AVE,LEOLA SCHOOL DISTRICT,Paul Fiereck,LEOLA,SD,57456
406 West Main Street,Leroy Ostrander Public School,Paul Fiereck,"Le Roy, MN",MN,55951
100 County Road 25,Lewiston Altura Public Schools,Paul Fiereck,"Lewiston, MN",,55952
,LITTLE WOUND SCHOOL,Paul Fiereck,,,
5000 S WESTERN AVE,LUTHERAN HIGH SCHOOL,Paul Fiereck,SIOUX FALLS,SD,57108
700 2nd St,Lyle School District,Paul Fiereck,"Lyle, MN",,55953
201 S BIRCH AVE,LYMAN SCHOOL DISTRICT 42-1,Paul Fiereck,PRESHO,SD,57568
800 9th st NE,MADISON CENTRAL SCHOOL DISTRICT 39-2,Paul Fiereck,Madison,SD,57042
100 S CEDER,MARION SCHOOL DISTRICT 60-3,Paul Fiereck,MARION,SD,57043
404 Ash St SW,Mark Schmit (Schmit Bus),Paul Fiereck,ROSE CREEK,MN,55970
200 EAST ESSEX AVE S,MCCOOK CENTRAL,Paul Fiereck,SALEM,SD,57058
135 MAIN,MCINTOSH SCHOOL DISTRICT 15-1,Paul Fiereck,MCINTOSH,SD,57641
601 S MAIN ST,MCLAUGHLIN SCHOOL DISTRICT 15-2,Paul Fiereck,MCLAUGHIN,SD,57642
1230 DOUGLAS ST,MEADE SCHOOL DISTRICT 46-1,Paul Fiereck,STURGIS,SD,57785
1145 Medalion DR,MENDOTA HEIGHTS SCHOOLS SCHOOL DISTRICT 197,Paul Fiereck,MENDOTA HEIGHTS,MN,55120
PO BOX 346,MENNO PUBLIC SCHOOL,Paul Fiereck,MENNO,SD,57045
64671 120th St,Michael Schneider,Paul Fiereck,ADAMS,MN,55909
,MIDLAND HIGH SCHOOL,Paul Fiereck,,,
1001 EAST PARK AVE,MILLBANK SCHOOL DISTRICT,Paul Fiereck,MILLBANK,SD,57252
623 E 4TH ST,MILLER SCHOOL DISTRICT 29-4,Paul Fiereck,MILLER,SD,57362
101 East 10th Street Suite #300,Minnesota Coaches,Paul Fiereck,"Hastings, MN",,55033
800 W 10TH AVE,MITCHELL SCHOOL DISTRICT 17-2,Paul Fiereck,MITCHELL,SD,57301
1107 1ST AVE E,MOBRIDGE-POLLOCK SCHOOL DISTRICT 62-6,Paul Fiereck,MOBRIDGE,SD,57601
309 S CHURCH AVE,MONTROSE SCHOOL DISTRICT 43-2,Paul Fiereck,MONTROSE,SD,57048
400 EAST MAPLE,MORA PUBLIC SCHOOL DIST #332,Paul Fiereck,MORA,MN,55051
500 N MAIN ST,MOUNT VERNON SCHOOL DISTRICT 17-3,Paul Fiereck,MOUNT VERNON,SD,57363
PO BOX 128,NEW UNDERWOOD,Paul Fiereck,NEW UNDERWOOD,SD,57761
501 DARTMOUTH,NEWELL SCHOOL DISTRICT,Paul Fiereck,NEWELL,SD,57760
221 3RD ST,NORTHWESTERN AREA SCHOOL DISTRICT,Paul Fiereck,MELLETTE,SD,57461
214 WEST 7TH ST,OELRICHS SCHOOL,Paul Fiereck,OELRICHS,SD,57763
PO BOX 127,OGILVIE SCHOOL DIST #333,Paul Fiereck,OGILVIE,MN,56358
220 WEST 2ND ST,OLDHAM-RAMONA SCHOOL,Paul Fiereck,RAMONA,SD,57054
"1145 Park Dr, Box 583",Owatonna Bus Company,Paul Fiereck,OWATONNA,MN,55060
2211 Edgewood Avenue South,Park Adams,Paul Fiereck,"St. Louis Park, MN",,55426
335 W 1ST ST,PARKER SCHOOL DISTRICT,Paul Fiereck,PARKER,SD,57053
102 C SOUTH CHAPMAN DR,PARKSTON SCHOOL DISTRICT 33-3,Paul Fiereck,PARKSTON,SD,57366
330 SCOTTIE AVE,PHILLIP JAAKON SCHOOL DISTRICT 27-1,Paul Fiereck,PHILLIP,SD,57567
27784 County Rd 17,Phillips Bus Service,Paul Fiereck,WINONA,MN,55987
211 S POPLAR AVE,PIERRE SCHOOL DISTRICT 32-2,Paul Fiereck,PIERRE,SD,57501
210 E BROADWAY,PIERRE ST JOSEPH SCHOOL,Paul Fiereck,PIERRE,SD,57501
404 E DAVENPORT,PLANKINTON SCHOOL,Paul Fiereck,PLANKINTON,SD,57368
,PLATTE-GEDDES COMMUNITY SCHOOL DISTRICT 11-5,Paul Fiereck,,,
300 6TH STREET,RAPID CITY AREA SCHOOL DIST 51-4,Paul Fiereck,RAPID CITY,SD,57701
502 E 2ND ST,REDFIELD PUBLIC SCHOOL,Paul Fiereck,REDFIELD,SD,57469
615 7th Street SW,Rochester School District,Paul Fiereck,"Rochester, MN",,55902
41695 203RD ST,RON WHITES BUSING,Paul Fiereck,IROQUOIS,SD,57353
po box 106,ROSHOLT SCHOOL,Paul Fiereck,ROSHOLDT,SD,57260
102 SCHOOL ST,RUTLAND SCHOOL DISTRICT 39-4,Paul Fiereck,RUTLAND,SD,57057
6030 Carmen Ave,Safeway Bus,Paul Fiereck,"Inver Grove Hights, MN",,55076
205 WEST ESSEX AVE,SALEM ST MARYS CATHOLIC ELEMENTARY SCHOOL,Paul Fiereck,SALEM,SD,57058
,Sauk Rapids ISD #47,Paul Fiereck,,,
407 8th St,Schafer Transportation,Paul Fiereck,"Goodjue, MN 55027",,55027
529 W 8th St,Schmidt Bus Co,Paul Fiereck,WABASHA,MN,55961
404 ASH ST SW,"SCHMIT, MARK AND MARGARET",Paul Fiereck,ROSE CREEK,MN,55970
711 4TH ST,SCOTLAND SCHOOL DISTRICT 4-3,Paul Fiereck,SCOTLAND,SD,57059
108 EAST DAKOTA,SELBY AREA SCHOOL DISTRICT,Paul Fiereck,SELBY,SD,57472
206 School Street,Iglala Lakota COUNTY SCHOOL DISTRICT,Paul Fiereck,BATESLAND,SD,57716
3100 W 41ST ST,SIOUX FALLS CATHOLIC SCHOOLS,Paul Fiereck,SIOUX FALLS,SD,57105
6120 S CHARGER CIRCLE,SIOUX FALLS CHRISTIAN SCHOOLS,Paul Fiereck,SIOUX FALLS,SD,57108
201 E 38TH ST,SIOUX FALLS SCHOOL DISTRICT,Paul Fiereck,SIOUX FALLS,SD,57105
200 HANSINA AVE,SIOUX VALLEY SCHOOLS,Paul Fiereck,VOLGA,SD,57071
516 8TH AVE W,SISSETON SCHOOL DISTRICT 54-2,Paul Fiereck,SISSTON,SD,57262
234 #1 SCHOOL ST,SITTING BULL SCHOOL,Paul Fiereck,LITTLE EAGLE,SD,57639
12250 SD HWY1806,SMEE  WAKAPALA,Paul Fiereck,WAKAPALA,SD,57658
200 Hansina AVE,SOUIX VALLEY SCHOOL DISTRICT #328-01,Paul Fiereck,Volga,SD?,57071
PO BOX 228,SOUTH CENTRAL SCHOOL DISTRICT 26-5,Paul Fiereck,PLATTE,SD,57369
423 17TH AVE SE,SOUTH DAKOTA SCHOOL FOR THE BLIND AND VISUALLY IMPARED,Paul Fiereck,ABERDEEN,SD,57401
2001 EAST 8TH ST,SOUTH DAKOTA SCHOOL FOR THE DEAF,Paul Fiereck,SIOUX FALLS,SD,57103
1109 W CEDAR,SOUTH EAST AREA COOPERATIVE,Paul Fiereck,BERESFORD,SD,57004
252 E ILLINOIS,SPEARFISH SCHOOL DISTRICT 40-2,Paul Fiereck,SPEARFISH,SD,57783
807 NE BROADWAY ROOM 304,SPECIAL SCHOOL DISTRICT NO. 1,Paul Fiereck,MINNEAPOLIS,MN,55413
502 East Warrior Drive,ST FRANCIS INDIAN SCHOOL,Paul Fiereck,ST FRANCIS,SD,57572
812 N STATE AVE,ST MARYS CATHOLIC SCHOOL,Paul Fiereck,DELL RAPIDS,SD,57022
03 E 2ND AVE,STANLEY SCOUNTY 57-1,Paul Fiereck,FT. PIERRE,SD,57532
16 1st St,Steve Nagele,Paul Fiereck,ADAMS,MN,55909
506 EAST MAIN ST,STICKNEY PUBLIC SCHOOL,Paul Fiereck,STICKNEY,SD,57374
450 Christina CT,Kennedy Transportation LLC,Paul Fiereck,Zumbro Falls,MN,55991
400 W SHERMAN AVE,SUMMIT SCHOOL DISTRICT 54-6,Paul Fiereck,SUMMIT,SD,57266
400 SUNSHINE DR,SUNSHINE BIBLE ACADEMY,Paul Fiereck,MILLER,SD,57362
131 N POPLAR AVE,TEA AREA SCHOOL DISTRICT,Paul Fiereck,TEA,SD,57064
500 MAIN ST/ po box 1000,TIMBER LAKE SCHOOL,Paul Fiereck,TIMBER LAKE,SD,57656
46450 252 ST,TRI VALLEY SCHOOL DISTRICT,Paul Fiereck,COLTON,SD,57018
2830 18th ave NW,TRI-VALLEY OPPORTUNITY,Paul Fiereck,ROCHESTER,MN,
105 S SLOAN,TRIPP-DELMONT SCHOOL DISTRICT,Paul Fiereck,TRIPP,SD,57376
203 WEST PARK AVE,VIBORG-HURLEY PUBLIC SCHOOL,Paul Fiereck,VIBORG,SD,57070
223 E 6TH ST,VOLGA CHRISTIAN SCHOOL,Paul Fiereck,VOLGA,SD,57071
101 WALNUT AVE SW,WAGNER COMMUNITY SCHOOL,Paul Fiereck,WAGNER,SD,57380
401 SOUTH BLVD SW,WALL SCHOOL DISTRICT 51-5,Paul Fiereck,WALL,SD,57790
110 1ST AVE SW,WARNER SCHOOL DISTRICT,Paul Fiereck,WARNER,SD,57479
200 9th St NE,WATERTOWN SCHOOL DIST NO 14-4,Paul Fiereck,WATERTOWN,SD,57201
202 W SCHOOL ROAD,WAUBAY SCHOOL DISTRICT 18-3,Paul Fiereck,WAUBAY,SD,57273
319 MARY PLACE,WAVERY/ SOUTH SHORESCHOOL,Paul Fiereck,WAVERY,SD,57201
102 E 9TH AVE,WEBSTER AREA SCHOOL DISTRICT,Paul Fiereck,WEBSTER,SD,57274
705 East 2nd St,WEST CENTRAL PUBLIC SCHOOL 49-7,Paul Fiereck,Hartford,SD,57033
485 E 2ND ST,WHITE EAGLE CHRISTIAN ACADEMY,Paul Fiereck,MISSION,SD,57555
502 E DIVISION ST,WHITE LAKE SCHOOL DISTRICT 1-3,Paul Fiereck,WHITE LAKE,SD,57383
501 E 3RD ST,WHITE RIVER SCHOOL DISTRICT 47-1,Paul Fiereck,WHITE RIVER,SD,57579
400 GARFIELD ST,WILLOW LAKE SCHOOL DISTRICT,Paul Fiereck,WILLOW LAKE,SD,
800 ORDWAY ST,WILMOT SCHOOL DISTRICT,Paul Fiereck,WILMOT,SD,57279
431 E 7TH ST,WINNER SCHOOL DISTRICT 59-2,Paul Fiereck,WINNER,SD,57580
375 ASH ST,WOLSEY-WESSINGTON SCHOOL DISTRICT,Paul Fiereck,WOLSEY,SD,57384
101 NORTH 2ND AVE,WOONSOCKET SCHOOL DISTRICT 55-4,Paul Fiereck,WOONSOCKET,SD,57385
620 W 9TH ST,ZION LUTHER,Paul Fiereck,MOBRIDGE,SD,57601
305 W. Industrial Road,"Johnson Feeds, Inc. dba ABC Bus",Paul Fiereck,Canton,SD,57013
715 Taft St,Monarch Bus,Paul Fiereck,Minneapolis,MN,55413
18185 Vergus Ave,Klingberg Bus Co,Paul Fiereck,Prior Lake,MN,55372
1047 Raymond Avenue,Aaccent Town Car & Limousine,Paul Fiereck,St. Paul,MN,55108
100 MISSION DRIVE,RED CLOUD INDIAN SCHOOL,Paul Fiereck,PINE RIDGE,SD,57770
2505 5th Ave S,Urban Learning Center,Paul Fiereck,Minneapolis,MN,
123 Crusader Avenue,Crown of Life Lutheran School,Paul Fiereck,West St. Paul,MN,55123
102 2nd Av,Chester Area School District,Paul Fiereck,Chester,SD,57016
8055 Wallace Road,Eden Prairie Schools,Paul Fiereck,Eden Prairie,MN,55344
302 Dakota Ave North,Wessington Springs School Dist,Paul Fiereck,Wessington Springs,SD,57382
PO Box 196,E&M Busline Inc,Paul Fiereck,Bridgewater,South Dakota,57319
PO Box 2813,Rapid City Youth & Family Services,Paul Fiereck,Rapid City,SD,57709
300 W 11th ST,EmBe,Paul Fiereck,Sioux Falls,SD,57104
7848 SD HWY 28,Svennes Bus,Paul Fiereck,Tronto,South Dakota,57286
245 Crazy Horse School Drive,Crazy Horse School,Paul Fiereck,Wanblee,South Dakota,57577
200 South Loban,Colman-Egan,Paul Fiereck,Colman,SD,57017
BOX 8,CLEARBROOK-GONVICK DISTRICT #2311,Pete Dunn,CLEARBROOK,MN,56634
1404 3RD ST,"BEMENT, THOMAS MARVIN",Pete Dunn,WAUBUN,MN,56589
36974 COUNTY ROAD 66,CROSSLAKE CUMMUNITY SCHOOLS,Pete Dunn,CROSSLAKE,MN,56442
1013 3rd st,WABUN SCHOOL DISTRICT #435,Pete Dunn,WABUN,MN,56589
,PINE POINT SCHOOL DISTRICT #25,Pete Dunn,,,
11416 Eckle Rd.,Blom's Bus Service,Pete Dunn,BEMIDJI,MN,56601
1717 W Shamineau Drive,Johnson Bus Service,Pete Dunn,MOTLEY,MN,
437 Kroshus Drive,Kuehl Bus Service,Pete Dunn,DILWORTH,MN,56529
PO Box 219,Northwestern Transportation,Pete Dunn,MOTLEY,MN,56466
,KVILHAUG & SON BUS SERVICE,Pete Dunn,,,
514 Partridge Ave S,Kelly Richards,Pete Dunn,GLYNDON,MN,
123 3rd Ave SE,Tiger Transportation,Pete Dunn,ROTHSAY,MN,56579
111 E BROADWAY ST,CLIMAX PUBLIC SCHOOL DISTRICT #592,Pete Dunn,CLIMAX,MN,56523
260 MINNESOTA STREET SOUTH,PLUMMER SCHOOL DIST #628,Pete Dunn,PLUMMER,MN,56748
BOX 100,OKLEE SCHOOL DIST #627,Pete Dunn,OKLEE,MN,56742
201 N OSMUND AVE,GOODRIDGE SCHOOLS,Pete Dunn,GOODRIDGE,MN,56725
114 N Fladeland ave,GRYGLA SCHOOLS,Pete Dunn,GRYGLA,MN,56727
110 E CARPENTER AVE,BADGER SCHOOL DISTRICT #676,Pete Dunn,BADGER,MN,56714
27 2nd st NW,ULEN-HITTERDAL SCHOOL DIST 914,Pete Dunn,ULEN,MN,56585
401 CENTRAL AVE S,LANCASTER SCHOOL DIST 356,Pete Dunn,LANCASTER,MN,56735
313 PARK AVE,FISHER SCHOOL DISTRICT #600,Pete Dunn,FISHER,MN,56723
315 MAIN STREET W,LAPORTE PUBLIC SCHOOL DIST #306,Pete Dunn,LAPORTE,MN,56461
BOX 39,NORMAN COUNTY WEST SCHOOLS,Pete Dunn,HENDRUM,MN,56550
702 LAKE AVE,DETRIOT LAKES SCHOOL DISTRICTS #22,Pete Dunn,DETROIT LAKES,MN,56501
308 West Main St,Eagle Valley Bus Service,Pete Dunn,CLARISSA/eagle bend?,MN,56440
444 N Ash,KITTSON CENTRAL DIST #2171,Pete Dunn,HALLOCK,MN,56728
BOX 399,RED LAKE FALLS SCHOOLS,Pete Dunn,RED LAKE FALLS,MN,56750
100 southern ave E,UNDERWOOD SCHOOL DISTRICT #550,Pete Dunn,UNDERWOOD,MN,56586
4838 HWY 75 S,Red River Trails,Pete Dunn,MOORHEAD,MN,56560
345 4TH STREET NW BOX 259,KELLIHER SCHOOL DISTRICT #36,Pete Dunn,KELLIHER,MN,
1620 29TH AVE SOUTH,SCHUCK BUS SERVICE,Pete Dunn,MOORHEAD,MN,56560
604 W Thorpe Avenue,ADA-BORUP-West SCHOOL DIST #2910,Pete Dunn,ADA,MN,56510
BOX 68- 500 SCHOOL AVE,STEPHEN ARGYLE CENTRAL #2856,Pete Dunn,STEPHEN,MN,56757
303 Pembina Trail St,TRI COUNTY SCHOOL DISTRICT #2358,Pete Dunn,KARLSTAD,MN,56732
500 SCHOOL AVE,HENNING PUBLIC SCHOOL DISTRICT 545,Pete Dunn,HENNING,MN,56551
25 12th Ave SW,Christianson Bus Company,Pete Dunn,PELICAN RAPIDS,MN,56572
714 JOSEPH ST,HAWLEY SCHOOL DISTRICT #150,Pete Dunn,HAWLEY,MN,56549
224 E BRIDGE ST,WARREN/ALVARADO/OSLO DIST #21,Pete Dunn,WARREN,MN,56762
100 6th ave E,"RED ROCK SCHOOLS, LAMBERTON",Pete Dunn,LAMBERTON,MN,56152
408 MAIN AVE WEST,NORMAN COUNTY EAST SCHOOL DIST 2215,Pete Dunn,TWIN VALLEY,MN,56584
904 FRONT ST SOUTH,BARNESVILLE BUS CO INC,Pete Dunn,BARNESVILLE,MN,56514
23130 345TH ST SW,WIN-E-MAC DIST #2609,Pete Dunn,ERSKINE,MN,56535
301 1st st E,FOSSTON SCHOOL DISTRICT #601,Pete Dunn,FOSSTON,MN,56542
graceville?,CLINTON GRAVEILLE SCHOOL DISTRICT #592,Pete Dunn,,,
,NEVIS SCHOOL DISTRICT #308,Pete Dunn,NEVIS,MN,
402 SUMMIT ST WEST,BATTLE LAKE DIST #542,Pete Dunn,BATTLE LAKE,MN,56515
210 s mill st,FERTILE BELTRAMI SCHOOL DISTRICT #599,Pete Dunn,FERTILE,MN,56540
PO BOX 479,LAKE PARK SCHOOL DISTRICT #24,Pete Dunn,LAKE PARK,MN,56554
PO BOX 218 209 N.  HAYES AVE,NEW YORK MILLS DIST #553,Pete Dunn,NEW YORK MILLS,MN,56567
PO BOX 1117,RIGGLES BUS SERVICE,Pete Dunn,CASS LAKE,MN,56633
1110 RANDOLPH RD,SCHULTZ GARAGE & BUS COMPANY INC,Pete Dunn,DETROIT LAKES,MN,56502
50363 317TH AVE,KENS BUS SERVICE,Pete Dunn,CASS LAKE,MN,56633
PO BOX 70,GREENBUSH-MIDDLE RIVER SCHOOL DIST #2683,Pete Dunn,GREENBUSH,MN,56726
810 BEEDE AVE,BRECKENRIDGE SCHOOL DIST,Pete Dunn,BRECKENRIDGE,MN,56520
216 ASPEN AVE SE,MENAHGA PUBLIC SCHOOLS 821,Pete Dunn,MENAHGA,MN,56464
402 FISHER AVE SUITE 593,CROOKSTON SCHOOL DIST #593,Pete Dunn,CROOKSTON,MN,56716
15353 SILVER EAGLE DR NW,BUG-O-NAY-GE-SHIG SCHOOL,Pete Dunn,BENA,MN,56626
"705 Curry Ave, Box 349",Olander Bus Service,Pete Dunn,DETRIOT LAKES,MN,56501
,MOORHEAD SCHOOL DISTRICT #152,Pete Dunn,,,
BOX 4000,WALKER/HACKENSACK SCHOOL DISTRICT #113,Pete Dunn,WALKER,MN,56484
202 BAGLEY AVE NW,BAGLEY ISD #162,Pete Dunn,BAGLEY,MN,56621
510 CEDAR AVE,WARROAD SCHOOL DIST #690,Pete Dunn,WARROAD,MN,56763
1900 13TH ST SE,EAST GRAND FORKS SCHOOLS,Pete Dunn,EAST GRAND FORKS,MN,56721
4359 425th St,Bauck Bus LTD,Pete Dunn,PERHAM,MN,56573
301 N HUNTSINGER,PARK RAPIDS SCHOOL DIST 309,Pete Dunn,PARK RAPIDS,MN,56470
230 LABREE AVE S,THIEF RIVER FALLS #564,Pete Dunn,THIEF RIVER FALLS,MN,56701
2139 100th Ave N,Richards Transportation,Pete Dunn,MOORHEAD,MN,56560
PO BOX 499,REDLAKE SCHOOL DIST #38,Pete Dunn,REDLAKE,MN,56671
100 W Juniper Ave,Anderson Bus Company,Pete Dunn,FRAZEE,MN,56544
509 3RD ST N E,ROSEAU SCHOOL DIST #682,Pete Dunn,ROSEAU,MN,56751
,Reichert Enterprises,Pete Dunn,,,
3300 GILLETT DRIVE NW,BEMIDJI AREA SCHOOLS,Pete Dunn,BEMIDJI,MN,56601
310 MINNESOTA AVE WEST,MARSHALL COUNTY CENTRAL SCHOOLS,Pete Dunn,NEWFOLDEN,MN,56738
715 11TH ST N,LAKES AND PRAIRIE COMMUNITY,Pete Dunn,MOORHEAD,MN,56560
312 N MAIN ST,"NORTHWEST COMMUNITY ACTION, INC",Pete Dunn,BADGER,MN,56714
2262 290th. St.,Bruce Borgrud,Pete Dunn,WAUBURN,MN,56589
3535 250TH AVE,"DORMAN, TERRY",Pete Dunn,OGEMA,MN,56569
2007 170 St N,Gary Leach,Pete Dunn,GLYNDUN,MN,56547
39443 CTY 39,"TYSVER,WILLIAM OLIVER",Pete Dunn,LAPORTE,MN,56461
,WITNER BUS,Pete Dunn,,,
,"BENDICKSON, GARY",Pete Dunn,,,
115 W MONROE,BRUGGEMAN BUS SERVICE,Pete Dunn,MAHNOMEN,MN,56557
Rt. 1 Box 203 A,Curt R Ballard,Pete Dunn,OGEMA,MN,56569
PO Box 205,Gary Borgrud,Pete Dunn,WAUBUN,MN,56589
1833 230th St,Handyside Bus,Pete Dunn,MAHNOMEN,MN,
,"HENDRICKS, MYRON",Pete Dunn,,,
206 1st. St.,Joyce Bendickson,Pete Dunn,BEJOU,MN,
,KEN WITNER,Pete Dunn,,,
1304 SECOND ST,KERSTING BUS SERVICE,Pete Dunn,WAUBUN,MN,56589
1304 2nd. St.,Mark Kersting,Pete Dunn,WAUBUN,MN,56589
700 Trosky Rd E,Melvin Hendricks,Pete Dunn,EDGERTON,MN,56128
34679 210th Ave,Mitch Ballard,Pete Dunn,OGEMA,MN,56569
1346 238th.St.,Myron Hendrickson,Pete Dunn,MAHOMEN,MN,56557
2139 100TH AVE N,"OLSON SCHOOL AND CHARTER BUS SERVICE, INC",Pete Dunn,MOORHEAD,MN,56560
2311 State Hwy. 113,Randy Bartos,Pete Dunn,WAUBUN,MN,
2377 130th Ave,Robin Bendickson,Pete Dunn,MAHNOMEN,MN,56557
901 Park Ave S,Seter Transportation,Pete Dunn,GLYDON,MN,56547
PO BOX 151 1420 4TH AV NW,INDEPENDENT SCHOOL DISTRICT #595,Pete Dunn,EAST GRAND FORKS,MN,56721
,MAHNOMEN PUBLIC SCHOOLS,Pete Dunn,,,
300 NORTH 17TH ST,PARK CHRISTIAN SCHOOL,Pete Dunn,MOORHEAD,MN,56560
BOX 7,RED LAKE COUNTY CENTRAL,Pete Dunn,PLUMMER,MN,56748
122 3RD ST NW,SACRED HEART SCHOOLS,Pete Dunn,EAST GRAND FORKS,MN,56721
200 1ST ST N W,SEBEKA SCHOOL DIST #820,Pete Dunn,SEBEKA,MN,56477
600 Colfax Ave SW,WADENA-DEER CREEK SCHOOLS #2155,Pete Dunn,WADENA,MN,
208 CENTRAL AVE,CASS LAKE SCHOOLS,Pete Dunn,CASSLAKE,MN,56633
ROUTE 3 BOX 100,LEECH LAKE HEAD START,Pete Dunn,CASS LAKE,MN,56633
PO BOX 53,RED LAKE NATION HEAD START,Pete Dunn,RED LAKE,MN,56671
P.O. Box 550,Blackduck Public School District 32,Pete Dunn,Blackduck,MN,56630-0342
35233 Mission Road,Circle of Life Academy,Pete Dunn,White Earth,MN,56591
1125 W RIVER RD.,MAHUBE-OTWA COMMUNITY ACTION,Pete Dunn,DETROIT LAKES,MN,56501